{"count":1,"self":4888.8037376,"total":8031.778224,"children":{"InitializeSensors":{"count":1,"self":0.0019679999999999997,"total":0.0019679999999999997,"children":null},"AgentSendState":{"count":5000067,"self":80.964620799999992,"total":113.72426399999999,"children":{"CollectObservations":{"count":500007,"self":5.7725231999999993,"total":5.772523,"children":null},"CollectDiscreteActionMasks":{"count":500007,"self":3.8155447999999996,"total":3.8155449999999997,"children":null},"AgentInfo.ToProto":{"count":500007,"self":11.798631199999999,"total":23.171575,"children":{"GenerateSensorData":{"count":500007,"self":11.372943999999999,"total":11.372943999999999,"children":null}}}}},"DecideAction":{"count":5000067,"self":2963.8598656,"total":2963.85994,"children":null},"AgentAct":{"count":5000067,"self":62.081503999999995,"total":65.387028,"children":{"AgentInfo.ToProto":{"count":73882,"self":1.687412,"total":3.305522,"children":{"GenerateSensorData":{"count":73882,"self":1.61811,"total":1.61811,"children":null}}}}}},"gauges":{"RollerAgent.CumulativeReward":{"count":73882,"max":2,"min":0,"runningAverage":1.070648,"value":1,"weightedAverage":1.141194}},"metadata":{"timer_format_version":"0.1.0","start_time_seconds":"1596107531","unity_version":"2018.4.14f1","command_line_arguments":"\/home\/danilo\/Unity\/Hub\/Editor\/2018.4.14f1\/Editor\/Unity -projectpath \/home\/danilo\/Unity3D\/ProjetosAprendizagem -useHub -hubIPC -cloudEnvironment production -hubSessionId 6a135b50-d20e-11ea-84ec-0f2e38da6e55 -accessToken BVohDhLNdH2cTNNd9ar-XiRVmpwTBgStUtnOQGj2sXg004f","communication_protocol_version":"1.0.0","com.unity.ml-agents_version":"1.1.0-preview","scene_name":"AAmbient","end_time_seconds":"1596115562"}}