{"count":1,"self":37.5476096,"total":38.280597,"children":{"InitializeSensors":{"count":1,"self":0.001594,"total":0.001594,"children":null},"AgentSendState":{"count":1892,"self":0.052482999999999995,"total":0.058636999999999995,"children":{"CollectObservations":{"count":190,"self":0.0043609999999999994,"total":0.0043609999999999994,"children":null},"CollectDiscreteActionMasks":{"count":190,"self":0.0017929999999999999,"total":0.0017929999999999999,"children":null}}},"DecideAction":{"count":1892,"self":0.62440299999999993,"total":0.62440299999999993,"children":null},"AgentAct":{"count":1892,"self":0.047189999999999996,"total":0.047189999999999996,"children":null}},"gauges":{"RollerAgent.CumulativeReward":{"count":57,"max":1.97929907,"min":-0.566300035,"runningAverage":0.9283456,"value":0.916299939,"weightedAverage":0.9952278}},"metadata":{"timer_format_version":"0.1.0","start_time_seconds":"1596106157","unity_version":"2018.4.14f1","command_line_arguments":"\/home\/danilo\/Unity\/Hub\/Editor\/2018.4.14f1\/Editor\/Unity -projectpath \/home\/danilo\/Unity3D\/ProjetosAprendizagem -useHub -hubIPC -cloudEnvironment production -hubSessionId 6a135b50-d20e-11ea-84ec-0f2e38da6e55 -accessToken BVohDhLNdH2cTNNd9ar-XiRVmpwTBgStUtnOQGj2sXg004f","communication_protocol_version":"1.0.0","com.unity.ml-agents_version":"1.1.0-preview","scene_name":"BAmbient","end_time_seconds":"1596106195"}}